Front;Back;Tags
ja;and;suomi-scraper
nyt;now;suomi-scraper
minä;I;suomi-scraper
jatkaa;continue;suomi-scraper
nämä;these;suomi-scraper
levy;plate;suomi-scraper
tehdä;make;suomi-scraper
hallituskausi;reign;suomi-scraper
voida;can;suomi-scraper
olla;be;suomi-scraper
puhuttava;speakable;suomi-scraper
isä;father;suomi-scraper
sekä;and;suomi-scraper
veli;brother;suomi-scraper
asia;business;suomi-scraper
se;it;suomi-scraper
katsoa;watch;suomi-scraper
tapahtua;happen;suomi-scraper
että;that;suomi-scraper
kun;when;suomi-scraper
uni;dream;suomi-scraper
kehottaa;urge;suomi-scraper
kaikki;all;suomi-scraper
uutteruus;diligence;suomi-scraper
hän;he;suomi-scraper
puhua;speak;suomi-scraper
juutalainen;Jew;suomi-scraper
jälki;track;suomi-scraper
hävitetty;devastated;suomi-scraper
nimittäin;namely;suomi-scraper
tuo;that;suomi-scraper
suuri;big;suomi-scraper
kaupunki;city;suomi-scraper
moni;many;suomi-scraper
viety;transferred;suomi-scraper
vanki;prisoner;suomi-scraper
herra;sir;suomi-scraper
hyvä;good;suomi-scraper
näkemä;intuition;suomi-scraper
aika;time;suomi-scraper
palata;revert;suomi-scraper
takainen;back;suomi-scraper
niin;so;suomi-scraper
tuoda;bring;suomi-scraper
vankeus;captivity;suomi-scraper
tuotu;brought;suomi-scraper
omistaa;own;suomi-scraper
jälleen;again;suomi-scraper
kuusisataa;six hundred;suomi-scraper
vuosi;year;suomi-scraper
lähteä;leave;suomi-scraper
jumala;god;suomi-scraper
nostaa;raise;suomi-scraper
keskuudessa;among;suomi-scraper
esillä;out;suomi-scraper
profeetta;prophet;suomi-scraper
messias;messiah;suomi-scraper
elää;live;suomi-scraper
toinen;second;suomi-scraper
sanoa;say;suomi-scraper
maailma;world;suomi-scraper
vapahtaja;redeemer;suomi-scraper
myös;too;suomi-scraper
kuinka;how;suomi-scraper
joukko;set;suomi-scraper
tämä;this;suomi-scraper
joka;which;suomi-scraper
lunastaja;redeemer;suomi-scraper
koko;size;suomi-scraper
kadotettu;lost;suomi-scraper
langennut;fallen;suomi-scraper
tila;space;suomi-scraper
tulla;come;suomi-scraper
aina;always;suomi-scraper
ellei;unless;suomi-scraper
turvata;safeguard;suomi-scraper
ennen;before;suomi-scraper
valmistaa;prepare;suomi-scraper
tie;road;suomi-scraper
vielä;still;suomi-scraper
mennä;go;suomi-scraper
erämaa;wilderness;suomi-scraper
huutaa;shout;suomi-scraper
raivata;clear;suomi-scraper
polku;path;suomi-scraper
suora;straight;suomi-scraper
te;you;suomi-scraper
keskellä;among;suomi-scraper
seisoa;stand;suomi-scraper
ei;no;suomi-scraper
tuntea;feel;suomi-scraper
väkevä;strong;suomi-scraper
kengännauha;shoelace;suomi-scraper
arvoton;worthless;suomi-scraper
avata;open;suomi-scraper
paljo;much;suomi-scraper
kastaa;dip;suomi-scraper
puoli;half;suomi-scraper
vesi;water;suomi-scraper
jo;already;suomi-scraper
kastettu;baptised;suomi-scraper
nähdä;see;suomi-scraper
todistaa;witness;suomi-scraper
karitsa;lamb;suomi-scraper
ottaa;take;suomi-scraper
pois;away;suomi-scraper
synti;sin;suomi-scraper
puhuttu;spoken;suomi-scraper
sana;word;suomi-scraper
evankeliumi;gospel;suomi-scraper
saarnata;preach;suomi-scraper
vaipua;dash;suomi-scraper
epäusko;disbelief;suomi-scraper
surmattu;homicide;suomi-scraper
tuleva;future;suomi-scraper
nouseva;rising;suomi-scraper
kuollut;dead;suomi-scraper
ilmaiseva;expressive;suomi-scraper
itse;self;suomi-scraper
pyhä;holy;suomi-scraper
henki;spirit;suomi-scraper
kausi;period;suomi-scraper
pakana;pagan;suomi-scraper
aivan;right;suomi-scraper
huone;room;suomi-scraper
verrata;compare;suomi-scraper
oliivipuu;olive;suomi-scraper
oksa;branch;suomi-scraper
taittaa;fold;suomi-scraper
hajottaa;disperse;suomi-scraper
kaikkialla;everywhere;suomi-scraper
pää;head;suomi-scraper
vuoksi;flow;suomi-scraper
oleva;available;suomi-scraper
välttämätön;necessary;suomi-scraper
me;we;suomi-scraper
johdattaa;lead;suomi-scraper
yhdessä;together;suomi-scraper
lupaus;vow;suomi-scraper
toteutua;actualize;suomi-scraper
koota;assemble;suomi-scraper
yksi;one;suomi-scraper
luonnollinen;natural;suomi-scraper
jäännös;residue;suomi-scraper
oksastaa;graft;suomi-scraper
paikko;spare;suomi-scraper
tosi;true;suomi-scraper
tapa;habit;suomi-scraper
profetoida;prophesy;suomi-scraper
muuttaa;change;suomi-scraper
mikä;what;suomi-scraper
kirjoittaa;write;suomi-scraper
kirja;book;suomi-scraper
kirjoittanut;written;suomi-scraper
niistää;blow one's nose;suomi-scraper
kuu;moon;suomi-scraper
asua;live;suomi-scraper
teltta;tent;suomi-scraper
laakso;valley;suomi-scraper
kuultu;heard;suomi-scraper
näky;vision;suomi-scraper
voima;force;suomi-scraper
saada;get;suomi-scraper
uskoa;believe;suomi-scraper
poika;son;suomi-scraper
olka;shoulder;suomi-scraper
halukas;willing;suomi-scraper
kuulla;hear;suomi-scraper
tietää;know;suomi-scraper
ne;they;suomi-scraper
etsiä;search;suomi-scraper
uuttera;diligent;suomi-scraper
muinainen;ancient;suomi-scraper
jolloin;when;suomi-scraper
ilmaista;express;suomi-scraper
sama;same;suomi-scraper
eilen;yesterday;suomi-scraper
tänään;today;suomi-scraper
ikuinen;eternal;suomi-scraper
oltu;been;suomi-scraper
valmistettu;made;suomi-scraper
ihminen;human being;suomi-scraper
perustaa;establish;suomi-scraper
asti;until;suomi-scraper
jos;if;suomi-scraper
parannus;upgrade;suomi-scraper
luokse;to;suomi-scraper
löytää;find;suomi-scraper
salaisuus;secret;suomi-scraper
paljastaa;unmask;suomi-scraper
kulku;course;suomi-scraper
yhtä;as;suomi-scraper
iankaikkinen;eternal;suomi-scraper
kiertokulku;circulation;suomi-scraper
muistaa;remember;suomi-scraper
siis;ergo;suomi-scraper
oi;oh;suomi-scraper
joutua;hydroplane;suomi-scraper
tuomio;sentence;suomi-scraper
jumalaton;impious;suomi-scraper
sinä;you;suomi-scraper
havaita;discern;suomi-scraper
epäpuhdas;unclean;suomi-scraper
tuomioistuin;court;suomi-scraper
edessä;ahead;suomi-scraper
mikään;anything else;suomi-scraper
voi;butter;suomi-scraper
täytyä;have to;suomi-scraper
karkottaa;banish;suomi-scraper
ikä;age;suomi-scraper
antaa;give;suomi-scraper
valtuus;authorization;suomi-scraper
kieltää;forbid;suomi-scraper
niittää;mow;suomi-scraper
kykenevä;able;suomi-scraper
istua;sit;suomi-scraper
pohdiskella;contemplate;suomi-scraper
sydän;heart;suomi-scraper
temmata;wrench;suomi-scraper
tavaton;exceptional;suomi-scraper
korkea;high;suomi-scraper
vuori;mountain;suomi-scraper
koskaan;never;suomi-scraper
jalka;foot;suomi-scraper
haluta;want;suomi-scraper
puu;tree;suomi-scraper
kyllä;yes;suomi-scraper
kova;hard;suomi-scraper
ääni;voice;suomi-scraper
hoosianna;hosanna;suomi-scraper
yläpuoli;upper side;suomi-scraper
siunattu;blessed;suomi-scraper
koska;because;suomi-scraper
merkki;sign;suomi-scraper
kantaa;bear;suomi-scraper
hedelmä;fruit;suomi-scraper
maistaa;taste;suomi-scraper
mies;man;suomi-scraper
laskeutuva;cascading;suomi-scraper
taivas;sky;suomi-scraper
oma;own;suomi-scraper
silmä;eye;suomi-scraper
kaltainen;like;suomi-scraper
kauneus;beauty;suomi-scraper
voittaa;win;suomi-scraper
valkoisuus;whiteness;suomi-scraper
lumikinos;snowdrift;suomi-scraper
muu;other;suomi-scraper
kallisarvoinen;precious;suomi-scraper
tulkinta;interpretation;suomi-scraper
hahmo;figure;suomi-scraper
mutta;but;suomi-scraper
huolimatta;despite;suomi-scraper
kanssa;with;suomi-scraper
neitsyt;virgin;suomi-scraper
ihana;sweet;suomi-scraper
valkea;white;suomi-scraper
enkeli;angel;suomi-scraper
alas;down;suomi-scraper
kaunis;beautiful;suomi-scraper
alentaa;lower;suomi-scraper
rakastaa;love;suomi-scraper
lapsi;child;suomi-scraper
tarkoitus;purpose;suomi-scraper
äiti;mother;suomi-scraper
liha;meat;suomi-scraper
mukaan;along;suomi-scraper
viedä;export;suomi-scraper
syli;lap;suomi-scraper
merkitys;meaning;suomi-scraper
vastata;answer;suomi-scraper
rakkaus;love;suomi-scraper
levitä;spread;suomi-scraper
haluttava;desirable;suomi-scraper
riemullinen;angelic;suomi-scraper
sielu;soul;suomi-scraper
sanottu;said;suomi-scraper
menevä;bound;suomi-scraper
lankeava;incident;suomi-scraper
juuri;root;suomi-scraper
johtaa;lead;suomi-scraper
elävä;living;suomi-scraper
lähde;source;suomi-scraper
kuvata;describe;suomi-scraper
kuva;image;suomi-scraper
valmistava;preparatory;suomi-scraper
kyyhkynen;dove;suomi-scraper
kulkea;travel;suomi-scraper
palvella;serve;suomi-scraper
voimassa;effective;suomi-scraper
kirkkaus;brightness;suomi-scraper
joukoittain;en masse;suomi-scraper
kaksitoista;twelve;suomi-scraper
seuraava;next;suomi-scraper
sairas;sick;suomi-scraper
kaikenlainen;various;suomi-scraper
tauti;disease;suomi-scraper
riivaaja;devil;suomi-scraper
saastainen;filthy;suomi-scraper
ahdistaa;oppress;suomi-scraper
näyttää;show;suomi-scraper
parantua;heal;suomi-scraper
ajaa;drive;suomi-scraper
ulos;out;suomi-scraper
kiinni;closed;suomi-scraper
tuomittava;reprehensible;suomi-scraper
korottaa;raise;suomi-scraper
risti;cross;suomi-scraper
surmata;kill;suomi-scraper
tähti;star;suomi-scraper
ihmispaljous;mass;suomi-scraper
taistella;fight;suomi-scraper
apostoli;apostle;suomi-scraper
vastaan;against;suomi-scraper
nimittää;designate;suomi-scraper
avara;extensive;suomi-scraper
rakennus;building;suomi-scraper
viisaus;wisdom;suomi-scraper
ylpeys;pride;suomi-scraper
sortua;collapse;suomi-scraper
tällainen;this;suomi-scraper
kansakunta;nation;suomi-scraper
suku;genus;suomi-scraper
kieli;language;suomi-scraper
kansa;people;suomi-scraper
tuho;downfall;suomi-scraper
jälkeläinen;offspring;suomi-scraper
meri;sea;suomi-scraper
hiekka;sand;suomi-scraper
väkijoukko;crowd;suomi-scraper
sotia;war;suomi-scraper
teurastus;slaughter;suomi-scraper
miekka;sword;suomi-scraper
sukupolvi;generation;suomi-scraper
kuoleva;dying;suomi-scraper
kiista;dispute;suomi-scraper
jatkua;continue;suomi-scraper
ettei;lest;suomi-scraper
edes;even;suomi-scraper
laskenut;set;suomi-scraper
pimeys;dark;suomi-scraper
sumu;fog;suomi-scraper
yltää;run;suomi-scraper
salama;lightning;suomi-scraper
kuula;ball;suomi-scraper
ukkonen;thunderstorm;suomi-scraper
jylinä;thunder;suomi-scraper
maanjäristys;earthquake;suomi-scraper
melskeinen;boisterous;suomi-scraper
halkeava;fissile;suomi-scraper
kappale;paragraph;suomi-scraper
tasanko;plain;suomi-scraper
palava;burning;suomi-scraper
tuli;fire;suomi-scraper
nähty;seen;suomi-scraper
huuru;mist;suomi-scraper
haihtuva;ethereal;suomi-scraper
ollut;been;suomi-scraper
surma;kill;suomi-scraper
kauhistava;terrible;suomi-scraper
näyttäytyä;appear;suomi-scraper
laskeutua;descend;suomi-scraper
valittu;selected;suomi-scraper
opetuslapsi;Disciple;suomi-scraper
tuomita;judge;suomi-scraper
heimo;tribe;suomi-scraper
palvelija;servant;suomi-scraper
vanhurskas;righteous;suomi-scraper
usko;belief;suomi-scraper
vaate;cloth;suomi-scraper
valkoinen;white;suomi-scraper
veri;blood;suomi-scraper
kolme;three;suomi-scraper
vanhurskaus;righteousness;suomi-scraper
tehty;done;suomi-scraper
neljäs;fourth;suomi-scraper
virta;current;suomi-scraper
syvyys;depth;suomi-scraper
helvetti;hell;suomi-scraper
paholainen;devil;suomi-scraper
kiusaus;temptation;suomi-scraper
sokaista;dazzle;suomi-scraper
paaduttaa;harden;suomi-scraper
eksyttää;disorientate;suomi-scraper
lavea;diffuse;suomi-scraper
hukkua;drown;suomi-scraper
turhamainen;vain;suomi-scraper
kuvitelma;fiction;suomi-scraper
erottaa;separate;suomi-scraper
kuilu;shaft;suomi-scraper
oikeudenmukaisuus;justice;suomi-scraper
alustaa;initialize;suomi-scraper
hetki;moment;suomi-scraper
vastedes;henceforth;suomi-scraper
voittanut;superior;suomi-scraper
synkkä;gloomy;suomi-scraper
inhottava;hideous;suomi-scraper
täysi;full;suomi-scraper
joutilaisuus;idleness;suomi-scraper
iljetys;loathing;suomi-scraper
valtakunta;empire;suomi-scraper
kirkko;church;suomi-scraper
muodostaa;constitute;suomi-scraper
iljettävä;execrable;suomi-scraper
kiduttaa;torture;suomi-scraper
sitoa;bind;suomi-scraper
kytkeä;switch;suomi-scraper
rautainen;iron;suomi-scraper
ies;yoke;suomi-scraper
alistaa;subordinate;suomi-scraper
orjuus;slavery;suomi-scraper
perustaja;founder;suomi-scraper
kulta;gold;suomi-scraper
hopea;silver;suomi-scraper
silkki;silk;suomi-scraper
karmiininpunainen;carmine;suomi-scraper
pellava;flax;suomi-scraper
portto;whore;suomi-scraper
ylistys;praise;suomi-scraper
hävittää;eradicate;suomi-scraper
viha;hatred;suomi-scraper
vaikuttava;effective;suomi-scraper
yli;over;suomi-scraper
luvattu;votive;suomi-scraper
lyödä;beat;suomi-scraper
menestyä;succeed;suomi-scraper
perintö;inheritance;suomi-scraper
lähtenyt;departed;suomi-scraper
nöyrtyä;humble;suomi-scraper
joki;river;suomi-scraper
vapautua;liberalize;suomi-scraper
käsi;hand;suomi-scraper
kuljettaa;dribble;suomi-scraper
suu;mouth;suomi-scraper
aikakirja;chronicle;suomi-scraper
sisältää;contain;suomi-scraper
liitto;union;suomi-scraper
profetia;prophecy;suomi-scraper
kaiverrus;engraving;suomi-scraper
paitsi;except;suomi-scraper
kuitenkin;however;suomi-scraper
totuus;truth;suomi-scraper
kulkeutua;emanate;suomi-scraper
puhdas;clean;suomi-scraper
osa;part;suomi-scraper
selkeä;clear;suomi-scraper
erittäin;very;suomi-scraper
vääristellä;distort;suomi-scraper
oikea;right;suomi-scraper
läpi;through;suomi-scraper
otettu;flattered;suomi-scraper
asioida;patronize;suomi-scraper
ymmärrys;understanding;suomi-scraper
selkeys;clarity;suomi-scraper
kompastua;trip;suomi-scraper
saatana;devil;suomi-scraper
valta;power;suomi-scraper
oivallinen;fine;suomi-scraper
sallia;allow;suomi-scraper
sekoitus;mixture;suomi-scraper
jäädä;stay;suomi-scraper
kauhea;terrible;suomi-scraper
sokeus;blindness;suomi-scraper
tilata;order;suomi-scraper
sangen;quite;suomi-scraper
muodostua;form;suomi-scraper
armollinen;merciful;suomi-scraper
rangaista;punish;suomi-scraper
rangaistu;convict;suomi-scraper
lyöty;subdued;suomi-scraper
paha;bad;suomi-scraper
sellainen;such;suomi-scraper
opettaa;teach;suomi-scraper
kätkeä;hide;suomi-scraper
jotta;in order to;suomi-scraper
apu;help;suomi-scraper
pelastus;salvation;suomi-scraper
pyrkiä;aspire;suomi-scraper
kestää;take;suomi-scraper
loppu;end;suomi-scraper
ylentää;promote;suomi-scraper
viimeinen;last;suomi-scraper
pelastaa;rescue;suomi-scraper
julistaa;declare;suomi-scraper
sanoma;message;suomi-scraper
ilo;joy;suomi-scraper
hajotettu;demolished;suomi-scraper
vakuuttunut;convinced;suomi-scraper
vahvistaa;confirm;suomi-scraper
ensimmäinen;first;suomi-scraper
tai;or;suomi-scraper
pelastua;to escape;suomi-scraper
molempi;best of both worlds;suomi-scraper
paimen;shepherd;suomi-scraper
sitten;then;suomi-scraper
todellinen;real;suomi-scraper
kompastuskivi;stumbling block;suomi-scraper
paatua;harden;suomi-scraper
lukea;read;suomi-scraper
enää;anymore;suomi-scraper
sekoittaa;mix;suomi-scraper
kuoppa;pit;suomi-scraper
varten;for;suomi-scraper
kaivettu;dredged;suomi-scraper
täyttää;fill;suomi-scraper
kaivaa;dig;suomi-scraper
täydellinen;perfect;suomi-scraper
heittää;throw;suomi-scraper
jolla;dinghy;suomi-scraper
loppua;end;suomi-scraper
mukainen;conform;suomi-scraper
kohta;soon;suomi-scraper
harjoittaa;practice;suomi-scraper
jumalattomuus;ungodliness;suomi-scraper
käydä;pass;suomi-scraper
hyvin;well;suomi-scraper
jokainen;everybody;suomi-scraper
ihmeellinen;miraculous;suomi-scraper
työ;work;suomi-scraper
joko;either;suomi-scraper
jättää;leave;suomi-scraper
paatumus;obduracy;suomi-scraper
mieli;mind;suomi-scraper
ajallinen;temporal;suomi-scraper
hengellinen;spiritual;suomi-scraper
vain;only;suomi-scraper
kaksi;two;suomi-scraper
huora;whore;suomi-scraper
jäsen;member;suomi-scraper
valtapiiri;realm;suomi-scraper
vähäinen;slight;suomi-scraper
kokoava;collective;suomi-scraper
varustaa;endow;suomi-scraper
vuodattaa;pour;suomi-scraper
alkaa;start;suomi-scraper
kuulua;belong;suomi-scraper
silta;bridge;suomi-scraper
keino;way;suomi-scraper
toteuttaa;implement;suomi-scraper
pukeutunut;dressed;suomi-scraper
viitta;cloak;suomi-scraper
apostolinen;apostolic;suomi-scraper
näkevä;seeing;suomi-scraper
lähtevä;outbound;suomi-scraper
kirjoitettu;written;suomi-scraper
helppo;easy;suomi-scraper
ymmärtää;understand;suomi-scraper
pitää;hold;suomi-scraper
sinetöity;sealed;suomi-scraper
puhtaus;cleanness;suomi-scraper
nimi;name;suomi-scraper
kielletty;forbidden;suomi-scraper
riittää;suffice;suomi-scraper
pieni;small;suomi-scraper
lakata;cease;suomi-scraper
vaikka;although;suomi-scraper
aamen;amen;suomi-scraper
väitellä;argue;suomi-scraper
keskenään;among;suomi-scraper
totinen;serious;suomi-scraper
vaikea;difficult;suomi-scraper
paatunut;abandoned;suomi-scraper
murhe;sorrow;suomi-scraper
väistää;dodge;suomi-scraper
ahdistus;anxiety;suomi-scraper
saatu;acquired;suomi-scraper
syy;reason;suomi-scraper
käsky;command;suomi-scraper
sanonut;said;suomi-scraper
pyytää;request;suomi-scraper
tunnollinen;conscientious;suomi-scraper
varma;sure;suomi-scraper
taitettu;soft;suomi-scraper
tarkoittaa;mean;suomi-scraper
myöhä;late;suomi-scraper
vaipunut;deep in;suomi-scraper
ruumis;body;suomi-scraper
tietävä;in the know;suomi-scraper
oppi;doctrine;suomi-scraper
riemuita;rejoice;suomi-scraper
ikuistaa;immortalise;suomi-scraper
ravinto;food;suomi-scraper
lauma;herd;suomi-scraper
osoittaa;point;suomi-scraper
yksin;alone;suomi-scraper
vaan;but;suomi-scraper
viitata;reference;suomi-scraper
palauttaa;return;suomi-scraper
esittää;present;suomi-scraper
leppyä;soften;suomi-scraper
kukaan;anyone;suomi-scraper
vastustaja;opponent;suomi-scraper
palaa;burn;suomi-scraper
nuolla;lick;suomi-scraper
varsi;stem;suomi-scraper
kyky;ability;suomi-scraper
saastaisuus;filthiness;suomi-scraper
erottava;divisive;suomi-scraper
leimuava;ardent;suomi-scraper
kohota;soar;suomi-scraper
ylös;up;suomi-scraper
piinata;torment;suomi-scraper
vai;or;suomi-scraper
lopullinen;final;suomi-scraper
kuolema;death;suomi-scraper
kuvaava;figurative;suomi-scraper
tuomittu;convict;suomi-scraper
teko;act;suomi-scraper
kuolla;die;suomi-scraper
peruste;principle;suomi-scraper
päästä;access;suomi-scraper
sisä;interior;suomi-scraper
paikka;place;suomi-scraper
valmistaja;manufacturer;suomi-scraper
sulkea;close;suomi-scraper
enemmän;more;suomi-scraper
kyetä;be able to;suomi-scraper
syytön;innocent;suomi-scraper
syyllinen;guilty;suomi-scraper
viiltää;slash;suomi-scraper
sisin;innermost;suomi-scraper
vaeltaa;wander;suomi-scraper
oikeamielinen;righteous;suomi-scraper
nurista;grumble;suomi-scraper
harras;pious;suomi-scraper
toive;wish;suomi-scraper
kutsua;invite;suomi-scraper
otin;handle;suomi-scraper
tytär;daughter;suomi-scraper
vaimo;wife;suomi-scraper
vanha;old;suomi-scraper
siten;thus;suomi-scraper
annettu;given;suomi-scraper
yö;night;suomi-scraper
käskeä;command;suomi-scraper
matkata;travel;suomi-scraper
nousta;rise;suomi-scraper
ovi;door;suomi-scraper
hämmästys;surprise;suomi-scraper
taidokas;elaborate;suomi-scraper
pyöreä;round;suomi-scraper
pallo;ball;suomi-scraper
hieno;fine;suomi-scraper
pronssi;bronze;suomi-scraper
osoitin;pointer;suomi-scraper
suunnata;head;suomi-scraper
siemen;seed;suomi-scraper
poikki;across;suomi-scraper
neljä;four;suomi-scraper
lähes;almost;suomi-scraper
eteläkaakko;south-southeast;suomi-scraper
pystyttää;erect;suomi-scraper
jousi;bow;suomi-scraper
perhe;family;suomi-scraper
luo;Luo;suomi-scraper
paikata;patch;suomi-scraper
noudattaa;obey;suomi-scraper
pysytellä;stick;suomi-scraper
hedelmällinen;fertile;suomi-scraper
rajamaa;march;suomi-scraper
lähellä;near;suomi-scraper
matka;trip;suomi-scraper
nuoli;arrow;suomi-scraper
kivi;stone;suomi-scraper
linko;sling;suomi-scraper
seurata;follow;suomi-scraper
ohje;instruction;suomi-scraper
levätä;rest;suomi-scraper
rikkoa;break;suomi-scraper
teräs;steel;suomi-scraper
rikottu;broken;suomi-scraper
vihko;notebook;suomi-scraper
menetys;loss;suomi-scraper
perin;exceedingly;suomi-scraper
uuvuksissa;tired;suomi-scraper
kärsiä;suffer;suomi-scraper
puute;lack;suomi-scraper
lama;depression;suomi-scraper
kärsimys;suffering;suomi-scraper
ahdinko;plight;suomi-scraper
murheellinen;tragic;suomi-scraper
menettänyt;mourning;suomi-scraper
jäntevyys;sinew;suomi-scraper
keppi;stick;suomi-scraper
aseistautua;arm;suomi-scraper
hankkia;obtain;suomi-scraper
kysyä;ask;suomi-scraper
nuhdella;reprimand;suomi-scraper
nurina;grumbling;suomi-scraper
vavista;shudder;suomi-scraper
toimia;act;suomi-scraper
tarkkuus;precision;suomi-scraper
uusia;renew;suomi-scraper
kirjoitus;writing;suomi-scraper
luettava;legible;suomi-scraper
vaihtua;pass;suomi-scraper
huippu;peak;suomi-scraper
villieläin;wild animal;suomi-scraper
eläin;animal;suomi-scraper
kiittää;thank;suomi-scraper
alku;beginning;suomi-scraper
viipyä;stay;suomi-scraper
haudata;bury;suomi-scraper
surra;mourn;suomi-scraper
nälkä;hunger;suomi-scraper
jano;thirst;suomi-scraper
uupumus;fatigue;suomi-scraper
menehtyä;perish;suomi-scraper
johtaja;director;suomi-scraper
opettaja;teacher;suomi-scraper
valehdella;lie;suomi-scraper
kertoa;tell;suomi-scraper
monenlainen;various;suomi-scraper
viekas;wily;suomi-scraper
juoni;plot;suomi-scraper
pettää;betray;suomi-scraper
ajatella;think;suomi-scraper
kenties;possibly;suomi-scraper
outo;strange;suomi-scraper
ryhtyä;undertake;suomi-scraper
kuningas;king;suomi-scraper
hallitsija;ruler;suomi-scraper
tahto;will;suomi-scraper
yllyttää;abet;suomi-scraper
kääntää;translate;suomi-scraper
siunata;bless;suomi-scraper
itä;east;suomi-scraper
päin;seaward;suomi-scraper
nainen;woman;suomi-scraper
synnyttää;generate;suomi-scraper
siunaus;blessing;suomi-scraper
imettää;breastfeed;suomi-scraper
runsas;abundant;suomi-scraper
vahva;strong;suomi-scraper
täytettävä;refillable;suomi-scraper
ravita;nourish;suomi-scraper
järjestää;arrange;suomi-scraper
kahdeksan;eight;suomi-scraper
vuo;flux;suomi-scraper
runsaus;abundance;suomi-scraper
käännetty;hot;suomi-scraper
vaikeus;difficulty;suomi-scraper
paljous;quantity;suomi-scraper
rakentaa;build;suomi-scraper
laiva;ship;suomi-scraper
voinen;buttery;suomi-scraper
väki;people;suomi-scraper
työkalu;tool;suomi-scraper
nahka;leather;suomi-scraper
palje;bellows;suomi-scraper
lietsoa;foment;suomi-scraper
ruoka;food;suomi-scraper
maukas;delicious;suomi-scraper
tarvita;need;suomi-scraper
kypsentää;do;suomi-scraper
valo;light;suomi-scraper
sikäli;in so far;suomi-scraper
kohti;toward;suomi-scraper
kilvoitella;compete;suomi-scraper
uskollisuus;loyalty;suomi-scraper
metallinen;metallic;suomi-scraper
sulattaa;digest;suomi-scraper
aikoa;intend;suomi-scraper
hullu;crazy;suomi-scraper
luulla;think;suomi-scraper
syytellä;to accuse;suomi-scraper
osainen;volumed;suomi-scraper
käypä;decent;suomi-scraper
iloinen;cheerful;suomi-scraper
osata;can;suomi-scraper
laivata;ship;suomi-scraper
puuttua;lack;suomi-scraper
arvostelukyky;judgment;suomi-scraper
pystyä;can;suomi-scraper
samanlainen;similar;suomi-scraper
mieletön;senseless;suomi-scraper
harha;illusion;suomi-scraper
raskas;ponderous;suomi-scraper
synnyttänyt;parous;suomi-scraper
lähtö;departure;suomi-scraper
nauttia;enjoy;suomi-scraper
laki;law;suomi-scraper
tehtävä;task;suomi-scraper
jakaantua;divide;suomi-scraper
kahtia;asunder;suomi-scraper
farao;foxtrot;suomi-scraper
sotajoukko;army;suomi-scraper
ruokkia;feed;suomi-scraper
herjata;abuse;suomi-scraper
muutto;migration;suomi-scraper
voimallinen;mighty;suomi-scraper
suosio;popularity;suomi-scraper
pahuus;evil;suomi-scraper
hallussa;in possession;suomi-scraper
kirota;curse;suomi-scraper
hallita;govern;suomi-scraper
koroke;podium;suomi-scraper
autiomaa;desert;suomi-scraper
sauva;staff;suomi-scraper
lähettää;transmit;suomi-scraper
tulinen;fiery;suomi-scraper
käärme;snake;suomi-scraper
purra;bite;suomi-scraper
oppia;learn;suomi-scraper
usea;several;suomi-scraper
rukoilla;pray;suomi-scraper
valmis;ready;suomi-scraper
hunaja;honey;suomi-scraper
lasti;load;suomi-scraper
syntynyt;born;suomi-scraper
mennyt;past;suomi-scraper
käsketty;mandatory;suomi-scraper
tuulla;blow;suomi-scraper
eteenpäin;forward;suomi-scraper
laulaa;sing;suomi-scraper
karkea;coarse;suomi-scraper
unohtaa;forget;suomi-scraper
yltyä;get up;suomi-scraper
vihastua;become angry;suomi-scraper
niellä;swallow;suomi-scraper
vakava;serious;suomi-scraper
halu;desire;suomi-scraper
tarttua;seize;suomi-scraper
köysi;rope;suomi-scraper
suunnannäyttäjä;vanguard;suomi-scraper
ohjata;steer;suomi-scraper
myrsky;storm;suomi-scraper
rajuilma;tempest;suomi-scraper
ajautua;drift;suomi-scraper
taaksepäin;backwards;suomi-scraper
kuitenkaan;however;suomi-scraper
ankara;rigorous;suomi-scraper
käsittää;understand;suomi-scraper
päästää;utter;suomi-scraper
ranne;wrist;suomi-scraper
turvonnut;bloated;suomi-scraper
nilkka;ankle;suomi-scraper
turvautua;resort;suomi-scraper
ylistää;praise;suomi-scraper
syytää;lavish;suomi-scraper
uhkaus;threat;suomi-scraper
painama;impress;suomi-scraper
suru;sorrow;suomi-scraper
sairasvuode;sickbed;suomi-scraper
ajastaa;time;suomi-scraper
harmaa;grey;suomi-scraper
lepo;rest;suomi-scraper
tomu;dust;suomi-scraper
heitetty;cast;suomi-scraper
murehtia;grieve;suomi-scraper
vetinen;watery;suomi-scraper
kyynel;tear;suomi-scraper
rukous;prayer;suomi-scraper
uhata;threaten;suomi-scraper
pehmittää;grain;suomi-scraper
tyven;calm;suomi-scraper
saapua;arrive;suomi-scraper
muokata;modify;suomi-scraper
kylvää;sow;suomi-scraper
metsä;forest;suomi-scraper
härkä;ox;suomi-scraper
hevonen;horse;suomi-scraper
vuohi;goat;suomi-scraper
hyöty;benefit;suomi-scraper
kupari;copper;suomi-scraper
kaivertaa;engrave;suomi-scraper
kertomus;story;suomi-scraper
sukuluettelo;genealogy;suomi-scraper
tosiasia;fact;suomi-scraper
kerrottu;double;suomi-scraper
säilyttää;preserve;suomi-scraper
opetus;teaching;suomi-scraper
viisas;wise;suomi-scraper
laaja;wide;suomi-scraper
hävitys;ravage;suomi-scraper
periytyä;descend;suomi-scraper
kunnes;until;suomi-scraper
kerto;parallelism;suomi-scraper
säilyä;store;suomi-scraper
erehtyä;err;suomi-scraper
muinoin;once;suomi-scraper
joku;someone;suomi-scraper
neuvo;advice;suomi-scraper
ruoskia;lash;suomi-scraper
sylkeä;spit;suomi-scraper
pitkämielisyys;forbearance;suomi-scraper
savu;smoke;suomi-scraper
aueta;open;suomi-scraper
jyrinä;thunder;suomi-scraper
vaikuttaa;influence;suomi-scraper
huudahtaa;ejaculate;suomi-scraper
viheltää;whistle;suomi-scraper
pilkata;mock;suomi-scraper
vihata;hate;suomi-scraper
ilmansuunta;compass point;suomi-scraper
vaiva;ailment;suomi-scraper
uuvuttaa;exhaust;suomi-scraper
nivel;joint;suomi-scraper
heikko;weak;suomi-scraper
koskeva;concerning;suomi-scraper
soveltaa;apply;suomi-scraper
toivoa;hope;suomi-scraper
syntyä;arise;suomi-scraper
tietämys;scholarship;suomi-scraper
hyvyys;goodness;suomi-scraper
elinaika;lifetime;suomi-scraper
toimittanut;edited by;suomi-scraper
väri;color;suomi-scraper
talo;house;suomi-scraper
heittäytyä;fall;suomi-scraper
ympärillä;around;suomi-scraper
lukematon;myriad;suomi-scraper
keskipäivä;noon;suomi-scraper
taivaankansi;firmament;suomi-scraper
seisahtua;stall;suomi-scraper
kuten;like;suomi-scraper
lyhennetty;abbreviated;suomi-scraper
riistää;exploit;suomi-scraper
lempeä;soft;suomi-scraper
äkkiä;suddenly;suomi-scraper
omapäinen;intractable;suomi-scraper
niska;nape;suomi-scraper
otsa;forehead;suomi-scraper
vaski;copper;suomi-scraper
kuuluttaa;announce;suomi-scraper
epäjumala;god;suomi-scraper
veistetty;carved;suomi-scraper
valettu;die-cast;suomi-scraper
myöntää;grant;suomi-scraper
salattu;occult;suomi-scraper
korva;ear;suomi-scraper
auki;open;suomi-scraper
menetellä;do;suomi-scraper
kutsuttu;inductee;suomi-scraper
kohtu;womb;suomi-scraper
hillitä;check;suomi-scraper
perustus;foundation;suomi-scraper
kutsu;invitation;suomi-scraper
totella;obey;suomi-scraper
kuka;who;suomi-scraper
käsivarsi;arm;suomi-scraper
kaldealainen;Chaldean;suomi-scraper
menestyvä;successful;suomi-scraper
lähestyä;approach;suomi-scraper
kunpa;if only;suomi-scraper
jyvä;grain;suomi-scraper
tuhottu;devastated;suomi-scraper
ääri;verge;suomi-scraper
halkaista;split;suomi-scraper
ajettu;driven;suomi-scraper
vieras;foreign;suomi-scraper
kaukainen;far;suomi-scraper
vatsa;stomach;suomi-scraper
mainita;mention;suomi-scraper
terävä;sharp;suomi-scraper
varjo;shadow;suomi-scraper
hiottu;polished;suomi-scraper
viini;wine;suomi-scraper
kirkastaa;fine;suomi-scraper
turha;useless;suomi-scraper
takia;for;suomi-scraper
oikeus;right;suomi-scraper
arvokas;valuable;suomi-scraper
ennallaan;break even;suomi-scraper
jäänyt;left;suomi-scraper
orja;slave;suomi-scraper
seisoma;stand;suomi-scraper
ruhtinas;prince;suomi-scraper
uskollinen;loyal;suomi-scraper
perintöosa;inheritance;suomi-scraper
vangittu;captive;suomi-scraper
istuva;incumbent;suomi-scraper
laidun;pasture;suomi-scraper
vesilähde;waterhole;suomi-scraper
opastaa;guide;suomi-scraper
valtatie;highway;suomi-scraper
kauas;far;suomi-scraper
pohjoinen;north;suomi-scraper
länsi;west;suomi-scraper
iloita;rejoice;suomi-scraper
puhjeta;burst;suomi-scraper
laulu;song;suomi-scraper
armahtaa;absolve;suomi-scraper
osoittava;indicative;suomi-scraper
naida;fuck;suomi-scraper
rintalapsi;suckling;suomi-scraper
sääliä;pity;suomi-scraper
kämmen;palm;suomi-scraper
muuri;wall;suomi-scraper
rientää;run;suomi-scraper
tuhooja;destroyer;suomi-scraper
repiä;tear;suomi-scraper
kokoontua;gather;suomi-scraper
pukea;dress;suomi-scraper
koru;jewel;suomi-scraper
morsian;bride;suomi-scraper
kietoa;roll;suomi-scraper
yllä;above;suomi-scraper
nielaista;swallow;suomi-scraper
menetetty;lost;suomi-scraper
täällä;here;suomi-scraper
jää;ice;suomi-scraper
viiri;banner;suomi-scraper
kasvatusisä;foster father;suomi-scraper
kuningatar;queen;suomi-scraper
imettäjä;wet nurse;suomi-scraper
kasvo;face;suomi-scraper
odottaa;await;suomi-scraper
häpeä;shame;suomi-scraper
saalis;prey;suomi-scraper
vapauttaa;relieve;suomi-scraper
makea;sweet;suomi-scraper
spirit;Spirit;suomi-scraper
sooner;Oklahoman;suomi-scraper
LED;light-emitting diode;suomi-scraper
us;US;suomi-scraper
save;Save River;suomi-scraper
has;Has District;suomi-scraper
set;Seth;suomi-scraper
standard;standard;suomi-scraper
time;time;suomi-scraper
land;Land;suomi-scraper
worth;Worth;suomi-scraper
arm;arm;suomi-scraper
turn;turn;suomi-scraper
war;War;suomi-scraper
one;One;suomi-scraper
pit;Pit;suomi-scraper
fight;Fight;suomi-scraper
smoke;Smoke;suomi-scraper
cut;cut;suomi-scraper
kingdom;kingdom;suomi-scraper
get;get;suomi-scraper
low;Low;suomi-scraper
glory;Glory;suomi-scraper
find;find;suomi-scraper
speak;Speak;suomi-scraper
man;Man;suomi-scraper
lukema;reading;suomi-scraper
ymmärrettävä;understandable;suomi-scraper
seassa;among;suomi-scraper
kannettu;born;suomi-scraper
arvo;value;suomi-scraper
ainoastaan;only;suomi-scraper
taivaallinen;heavenly;suomi-scraper
paljas;bare;suomi-scraper
synkeys;gloom;suomi-scraper
iskeä;strike;suomi-scraper
käännyttää;proselytize;suomi-scraper
pudota;fall;suomi-scraper
sadin;trap;suomi-scraper
vääristelty;distorted;suomi-scraper
ylpeä;proud;suomi-scraper
oljenkorsi;lifeline;suomi-scraper
poltettava;burnable;suomi-scraper
vihollinen;enemy;suomi-scraper
saavuttaa;achieve;suomi-scraper
himo;lust;suomi-scraper
vapista;shake;suomi-scraper
värinen;lemon;suomi-scraper
polttaa;smoke;suomi-scraper
väkevyys;strength;suomi-scraper
lammas;sheep;suomi-scraper
irti;loose;suomi-scraper
turpa;muzzle;suomi-scraper
lopettaa;stop;suomi-scraper
rohjeta;dare;suomi-scraper
toistaiseksi;indefinitely;suomi-scraper
enempi;more;suomi-scraper
kuuliainen;obedient;suomi-scraper
ainoa;only;suomi-scraper
lähempi;anterior;suomi-scraper
sari;sari;suomi-scraper
parras;brink;suomi-scraper
alati;always;suomi-scraper
luja;firm;suomi-scraper
järkkymätön;adamant;suomi-scraper
uppiniskaisuus;obstinacy;suomi-scraper
näkijä;seer;suomi-scraper
kuvittelu;fancy;suomi-scraper
isokokoinen;great;suomi-scraper
puhutella;address;suomi-scraper
nöyrä;humble;suomi-scraper
mikäli;if;suomi-scraper
kapinoida;rebel;suomi-scraper
kirous;curse;suomi-scraper
ruoska;whip;suomi-scraper
herättää;awaken;suomi-scraper
muisti;memory;suomi-scraper
neuvotella;negotiate;suomi-scraper
arpa;lot;suomi-scraper
rosvo;bandit;suomi-scraper
rikkaus;wealth;suomi-scraper
nykyhetki;present;suomi-scraper
suostutella;prevail;suomi-scraper
koottu;collected;suomi-scraper
himoita;lust;suomi-scraper
pakko;compulsion;suomi-scraper
kätkeytyä;hide;suomi-scraper
onkalo;cavity;suomi-scraper
mahdollinen;possible;suomi-scraper
viisikymmentä;fifty;suomi-scraper
epäillä;suspect;suomi-scraper
vihainen;angry;suomi-scraper
yhä;still;suomi-scraper
ulkopuoli;outside;suomi-scraper
piiloutua;hide;suomi-scraper
piiloutunut;obscure;suomi-scraper
hiipiä;creep;suomi-scraper
kaatunut;fallen;suomi-scraper
tuppi;sheath;suomi-scraper
kahva;handle;suomi-scraper
terä;blade;suomi-scraper
parka;poor;suomi-scraper
terästää;spike;suomi-scraper
kavahtaa;startle;suomi-scraper
tavoiteltu;coveted;suomi-scraper
hius;hair;suomi-scraper
isketty;hit;suomi-scraper
vartalo;body;suomi-scraper
vyöttää;gird;suomi-scraper
kuve;flank;suomi-scraper
avain;key;suomi-scraper
isäntä;host;suomi-scraper
parissa;among;suomi-scraper
pidellä;hold;suomi-scraper
säästää;save;suomi-scraper
vala;oath;suomi-scraper
vapaa;free;suomi-scraper
sija;place;suomi-scraper
rohkeus;courage;suomi-scraper
pako;escape;suomi-scraper
takana;behind;suomi-scraper
tuhota;destroy;suomi-scraper
luultu;supposed;suomi-scraper
lohduttaa;comfort;suomi-scraper
lohtu;solace;suomi-scraper
suojeltu;protected;suomi-scraper
polttouhri;holocaust;suomi-scraper
tutkia;explore;suomi-scraper
viisi;five;suomi-scraper
myydä;sell;suomi-scraper
perhekunta;family;suomi-scraper
nälänhätä;famine;suomi-scraper
tuhoutua;consume;suomi-scraper
himmentää;diaphragm;suomi-scraper
välittää;care;suomi-scraper
tarkka;exact;suomi-scraper
selostus;account;suomi-scraper
vakaa;steady;suomi-scraper
mieluisa;pleasant;suomi-scraper
sovelias;appropriate;suomi-scraper
kapina;rebellion;suomi-scraper
sokea;blind;suomi-scraper
esimerkki;example;suomi-scraper
vankila;prison;suomi-scraper
valin;beam;suomi-scraper
katkoa;break;suomi-scraper
sidottu;bound;suomi-scraper
vedota;appeal;suomi-scraper
anteeksi;excuse me;suomi-scraper
aulis;happy;suomi-scraper
tullut;in;suomi-scraper
erilaatuinen;heterogeneous;suomi-scraper
vilja;grain;suomi-scraper
näkyä;show;suomi-scraper
pimeä;dark;suomi-scraper
kolkko;bleak;suomi-scraper
puettu;clad;suomi-scraper
tunti;hour;suomi-scraper
kenttä;field;suomi-scraper
alkupää;beginning;suomi-scraper
vähä;little by little;suomi-scraper
viittoilla;motion;suomi-scraper
kaita;narrow;suomi-scraper
kapea;narrow;suomi-scraper
vieri;side;suomi-scraper
ohitse;past;suomi-scraper
ihmisjoukko;throng;suomi-scraper
ponnistella;strive;suomi-scraper
alkanut;begun;suomi-scraper
eksyä;get lost;suomi-scraper
hukassa;missing;suomi-scraper
loiva;gentle;suomi-scraper
ivata;ridicule;suomi-scraper
lyhyt;short;suomi-scraper
jatkuva;continuous;suomi-scraper
perillä;privy;suomi-scraper
hapuilla;fumble;suomi-scraper
näkyvä;visible;suomi-scraper
piitata;care;suomi-scraper
historia;history;suomi-scraper
tapaus;case;suomi-scraper
partaveitsi;razor;suomi-scraper
tuhat;thousand;suomi-scraper
iso;big;suomi-scraper
kirjakäärö;scroll;suomi-scraper
kynä;pen;suomi-scraper
pappi;priest;suomi-scraper
oppinut;learned;suomi-scraper
ryöstösaalis;booty;suomi-scraper
halpa;cheap;suomi-scraper
hiljaa;quietly;suomi-scraper
virtaava;quick;suomi-scraper
mahti;power;suomi-scraper
uoma;channel;suomi-scraper
äyräs;bank;suomi-scraper
tulvia;flood;suomi-scraper
kaula;neck;suomi-scraper
saakka;until;suomi-scraper
liittyä;associate;suomi-scraper
kallistaa;lean;suomi-scraper
raueta;abate;suomi-scraper
salaliitto;conspiracy;suomi-scraper
kauhistua;frighten;suomi-scraper
pyhäkkö;shrine;suomi-scraper
loukku;trap;suomi-scraper
ansa;trap;suomi-scraper
loukkaantua;offend;suomi-scraper
todistus;proof;suomi-scraper
tallessa;safe;suomi-scraper
sinetöidä;seal;suomi-scraper
vainajahenki;familiar spirit;suomi-scraper
supista;lisp;suomi-scraper
mumista;mutter;suomi-scraper
johtua;stem;suomi-scraper
ahdistettu;at bay;suomi-scraper
nälkäinen;hungry;suomi-scraper
ärtyä;chafe;suomi-scraper
ensin;firstly;suomi-scraper
kevyt;light;suomi-scraper
elonkorjuu;harvest;suomi-scraper
saalistaa;prey;suomi-scraper
kuorma;load;suomi-scraper
hartia;shoulder;suomi-scraper
vitsa;birch;suomi-scraper
taistelu;battle;suomi-scraper
melske;racket;suomi-scraper
harteet;shoulder;suomi-scraper
enentyä;grow;suomi-scraper
oikeudenmukainen;fair;suomi-scraper
kiivaus;impetuosity;suomi-scraper
röyhkeä;arrogant;suomi-scraper
tiili;brick;suomi-scraper
sortunut;fallen;suomi-scraper
kaadettu;down;suomi-scraper
vaihtaa;exchange;suomi-scraper
leikata;cut;suomi-scraper
häntä;tail;suomi-scraper
valhe;lie;suomi-scraper
nuorukainen;youngster;suomi-scraper
orpo;orphan;suomi-scraper
leski;widow;suomi-scraper
tekopyhä;hypocrite;suomi-scraper
pahantekijä;evildoer;suomi-scraper
sytyttää;kindle;suomi-scraper
tiheikkö;thicket;suomi-scraper
kieppua;swirl;suomi-scraper
pimetä;dusk;suomi-scraper
vasen;left;suomi-scraper
kylläinen;saturated;suomi-scraper
muistuttaa;remind;suomi-scraper
kapinointi;rebellion;suomi-scraper
armeliaisuus;charity;suomi-scraper
vaikutus;influence;suomi-scraper
muuten;otherwise;suomi-scraper
kirottu;accursed;suomi-scraper
levittäytyä;unfold;suomi-scraper
häiritä;disturb;suomi-scraper
ääretön;infinite;suomi-scraper
rangaistus;punishment;suomi-scraper
kuuleva;hearing;suomi-scraper
syvä;deep;suomi-scraper
ravistaa;shake;suomi-scraper
kahle;fetter;suomi-scraper
kahlittu;enchained;suomi-scraper
kahlita;fetter;suomi-scraper
kurjuus;misery;suomi-scraper
onnettomuus;accident;suomi-scraper
vapiseva;tremulous;suomi-scraper
laskettava;computable;suomi-scraper
kylmä;cold;suomi-scraper
matkamies;traveller;suomi-scraper
ympäröity;enclosed;suomi-scraper
huoli;worry;suomi-scraper
kimppu;bundle;suomi-scraper
päättäväinen;determined;suomi-scraper
yksimielinen;unanimous;suomi-scraper
jottei;lest;suomi-scraper
vetää;pull;suomi-scraper
suuttumus;anger;suomi-scraper
väline;instrument;suomi-scraper
ankaruus;severity;suomi-scraper
vihastus;anger;suomi-scraper
pidättää;detain;suomi-scraper
rohkea;brave;suomi-scraper
aukaista;unfurl;suomi-scraper
poikia;calve;suomi-scraper
ystävä;friend;suomi-scraper
vahingoittaa;injure;suomi-scraper
menestys;success;suomi-scraper
säätää;set;suomi-scraper
väärä;wrong;suomi-scraper
tekemä;paternal;suomi-scraper
katala;vile;suomi-scraper
päätös;decision;suomi-scraper
estää;prevent;suomi-scraper
tarvitseva;dependent;suomi-scraper
ryöstää;rob;suomi-scraper
assyrialainen;Assyrian;suomi-scraper
loata;slag;suomi-scraper
pöyhkeä;cocky;suomi-scraper
raja;border;suomi-scraper
urhea;gallant;suomi-scraper
linnunpesä;nest;suomi-scraper
muna;egg;suomi-scraper
nokka;beak;suomi-scraper
kerskailla;brag;suomi-scraper
kirves;axe;suomi-scraper
hakata;chop;suomi-scraper
mahtailla;show off;suomi-scraper
saha;saw;suomi-scraper
heiluttaa;wave;suomi-scraper
kohottaja;booster;suomi-scraper
itsestään;spontaneously;suomi-scraper
laihuus;thinness;suomi-scraper
palko;pod;suomi-scraper
tulenlieska;flame;suomi-scraper
viljava;fertile;suomi-scraper
pelto;field;suomi-scraper
vehmaus;greenness;suomi-scraper
lipunkantaja;standard-bearer;suomi-scraper
uupua;fatigue;suomi-scraper
merkitä;denote;suomi-scraper
lyöjä;batter;suomi-scraper
säädetty;prescribed;suomi-scraper
tulva;flood;suomi-scraper
voitelu;lubrication;suomi-scraper
kuormasto;baggage;suomi-scraper
sola;gorge;suomi-scraper
poloinen;poor;suomi-scraper
heristää;shake;suomi-scraper
kauhu;terror;suomi-scraper
ulottua;reach;suomi-scraper
nöyryyttää;humiliate;suomi-scraper
kanto;stump;suomi-scraper
verso;shoot;suomi-scraper
vesa;sprout;suomi-scraper
jaa;yes;suomi-scraper
korvakuulo;hearing;suomi-scraper
sävyisä;docile;suomi-scraper
uuma;waist;suomi-scraper
susi;wolf;suomi-scraper
pantteri;panther;suomi-scraper
vohla;kid;suomi-scraper
vasikka;calf;suomi-scraper
leijonanpentu;lion cub;suomi-scraper
pikkulapsi;infant;suomi-scraper
paimentaa;herd;suomi-scraper
karhu;bear;suomi-scraper
pentu;cub;suomi-scraper
olki;straw;suomi-scraper
imeväinen;infant;suomi-scraper
leikkiä;play;suomi-scraper
kyy;viper;suomi-scraper
kolo;hole;suomi-scraper
vieroitettu;weaned;suomi-scraper
pistää;sting;suomi-scraper
myrkkykäärme;venomous snake;suomi-scraper
pesä;nest;suomi-scraper
turmio;ruin;suomi-scraper
tuntemus;sensation;suomi-scraper
juurivesa;sucker;suomi-scraper
leposija;resting place;suomi-scraper
loistava;brilliant;suomi-scraper
karkotettu;deportee;suomi-scraper
kerä;ball;suomi-scraper
kulma;angle;suomi-scraper
kateus;envy;suomi-scraper
kadehtia;envy;suomi-scraper
vaino;persecution;suomi-scraper
rynnätä;bolt;suomi-scraper
merenlahti;gulf;suomi-scraper
ammentaa;draw;suomi-scraper
ennustus;prediction;suomi-scraper
lippu;flag;suomi-scraper
viittoa;beckon;suomi-scraper
väenpaljous;crush;suomi-scraper
pauhina;blare;suomi-scraper
ase;weapon;suomi-scraper
valittaa;complain;suomi-scraper
hervota;relax;suomi-scraper
jähmettyä;freeze;suomi-scraper
hämmästyä;wonder;suomi-scraper
armoton;ruthless;suomi-scraper
syntinen;sinful;suomi-scraper
tähtikuvio;constellation;suomi-scraper
rata;track;suomi-scraper
säteillä;radiate;suomi-scraper
ylimielisyys;arrogance;suomi-scraper
harvinainen;rare;suomi-scraper
järkkyä;shake;suomi-scraper
gaselli;gazelle;suomi-scraper
lävistää;pierce;suomi-scraper
liittynyt;affiliated;suomi-scraper
murska;smithereens;suomi-scraper
raiskata;rape;suomi-scraper
kuningaskunta;kingdom;suomi-scraper
kruunu;crown;suomi-scraper
suuruus;size;suomi-scraper
kaunistus;embellishment;suomi-scraper
kukistaa;vanquish;suomi-scraper
asuttaa;inhabit;suomi-scraper
polvi;knee;suomi-scraper
arabi;Arab;suomi-scraper
lepuuttaa;rest;suomi-scraper
maata;lie;suomi-scraper
ulvova;wailful;suomi-scraper
otus;creature;suomi-scraper
pöllö;owl;suomi-scraper
ulvoa;howl;suomi-scraper
sakaali;jackal;suomi-scraper
pidentää;prolong;suomi-scraper
sijoittaa;place;suomi-scraper
palvelijatar;maid;suomi-scraper
vangita;imprison;suomi-scraper
vangitsija;captor;suomi-scraper
pantu;applied;suomi-scraper
virittää;tune;suomi-scraper
valtikka;sceptre;suomi-scraper
raivo;rage;suomi-scraper
vainota;persecute;suomi-scraper
sypressi;cypress;suomi-scraper
kaataja;shedder;suomi-scraper
alhaalla;below;suomi-scraper
kiihdyksissä;aflutter;suomi-scraper
johtomies;father;suomi-scraper
komeus;handsomeness;suomi-scraper
mato;worm;suomi-scraper
pudonnut;fallen;suomi-scraper
sarastus;dawn;suomi-scraper
vertainen;peer;suomi-scraper
syöstä;spew;suomi-scraper
pohjimmainen;quintessential;suomi-scraper
tuijottaa;stare;suomi-scraper
tarkastella;eye;suomi-scraper
kammio;chamber;suomi-scraper
viskattu;cast;suomi-scraper
lävistetty;impaled;suomi-scraper
suistua;derailment;suomi-scraper
tallattu;beaten;suomi-scraper
liittymä;interface;suomi-scraper
veljenpoika;nephew;suomi-scraper
haikara;stork;suomi-scraper
alue;region;suomi-scraper
lakaista;sweep;suomi-scraper
luuta;broom;suomi-scraper
tapahtuva;happening;suomi-scraper
päättänyt;set;suomi-scraper
pysyvä;permanent;suomi-scraper
hellitä;relax;suomi-scraper
päätetty;set;suomi-scraper
kumota;overturn;suomi-scraper
katkennut;broken;suomi-scraper
esikoinen;firstborn;suomi-scraper
lamautunut;benumbed;suomi-scraper
poissa;away;suomi-scraper
vastattava;open-ended;suomi-scraper
sanansaattaja;messenger;suomi-scraper
turva;security;suomi-scraper
opetettu;instructed;suomi-scraper
ympäröidä;surround;suomi-scraper
seutu;district;suomi-scraper
erityinen;special;suomi-scraper
ennustaa;predict;suomi-scraper
heti;immediately;suomi-scraper
hautakammio;tomb;suomi-scraper
parantaa;cure;suomi-scraper
noussut;risen;suomi-scraper
tahraton;unblemished;suomi-scraper
nähtävä;remain to be seen;suomi-scraper
nimetä;name;suomi-scraper
pysyä;stick;suomi-scraper
täytetty;stuffed;suomi-scraper
laistaa;duck;suomi-scraper
uppiniskainen;recalcitrant;suomi-scraper
sukia;groom;suomi-scraper
toimitus;delivery;suomi-scraper
syntymä;birth;suomi-scraper
kivittää;stone;suomi-scraper
huuto;cry;suomi-scraper
musertaa;crush;suomi-scraper
ukonilma;thunderstorm;suomi-scraper
syttyä;ignite;suomi-scraper
ilmestyä;appear;suomi-scraper
pikainen;quick;suomi-scraper
järjettömyys;senselessness;suomi-scraper
antautua;surrender;suomi-scraper
mieluummin;rather;suomi-scraper
ainainen;perpetual;suomi-scraper
surettaa;repent;suomi-scraper
tuova;afferent;suomi-scraper
valli;embankment;suomi-scraper
linnoitus;fortress;suomi-scraper
painettu;print;suomi-scraper
puhe;speech;suomi-scraper
vaimea;soft;suomi-scraper
kuiskailla;whisper;suomi-scraper
kuiskata;whisper;suomi-scraper
yhtäkkiä;suddenly;suomi-scraper
ylpistyä;give someone a big head;suomi-scraper
ylenkatsoa;look down on;suomi-scraper
aiheuttaa;cause;suomi-scraper
riita;argument;suomi-scraper
pahansuopaisuus;hurtfulness;suomi-scraper
alullepanija;initiator;suomi-scraper
taluttaa;walk;suomi-scraper
osallinen;party;suomi-scraper
ostaa;buy;suomi-scraper
ilmainen;free;suomi-scraper
maksu;payment;suomi-scraper
synagoga;synagogue;suomi-scraper
taivuttaa;bend;suomi-scraper
yhtäläinen;similar;suomi-scraper
aitoa;genuine;suomi-scraper
työntekijä;employee;suomi-scraper
raha;money;suomi-scraper
murhata;murder;suomi-scraper
varastaa;steal;suomi-scraper
lausua;pronounce;suomi-scraper
pahansuopa;malevolent;suomi-scraper
haureus;adultery;suomi-scraper
torjua;repel;suomi-scraper
yhdenvertainen;coequal;suomi-scraper
pauhu;thunder;suomi-scraper
ahnas;voracious;suomi-scraper
yöllinen;nocturnal;suomi-scraper
uneksia;dream;suomi-scraper
janoinen;thirsty;suomi-scraper
juoda;drink;suomi-scraper
kummastella;marvel;suomi-scraper
parkua;cry;suomi-scraper
hoippua;teeter;suomi-scraper
silmätä;glance;suomi-scraper
ilmoitus;announcement;suomi-scraper
ilmoittaa;declare;suomi-scraper
lisä;supplement;suomi-scraper
vahvistava;confirmatory;suomi-scraper
kajo;shimmer;suomi-scraper
hävitä;lose;suomi-scraper
ylösalaisin;upside down;suomi-scraper
savenvalaja;potter;suomi-scraper
savi;clay;suomi-scraper
teos;work;suomi-scraper
tekijä;factor;suomi-scraper
luoja;creator;suomi-scraper
muuttua;change;suomi-scraper
vainio;field;suomi-scraper
veroinen;equal;suomi-scraper
kuuro;deaf;suomi-scraper
ilahtua;cheer up;suomi-scraper
pilkkaaja;ridiculer;suomi-scraper
kärkäs;eager;suomi-scraper
sysätä;thrust;suomi-scraper
syrjä;edge;suomi-scraper
lunastaa;redeem;suomi-scraper
kalveta;pale;suomi-scraper
perustettu;founded;suomi-scraper
huomenna;tomorrow;suomi-scraper
hyväksyä;accept;suomi-scraper
raipanisku;lash;suomi-scraper
pöyhkeillä;flaunt;suomi-scraper
turmeltunut;corrupt;suomi-scraper
vaatimaton;modest;suomi-scraper
pystypäinen;unbowed;suomi-scraper
seuraaja;successor;suomi-scraper
johdatella;load;suomi-scraper
rikas;rich;suomi-scraper
riehua;rampage;suomi-scraper
rauhoittaa;calm;suomi-scraper
tuudittaa;lull;suomi-scraper
lihallinen;fleshly;suomi-scraper
turvallisuus;security;suomi-scraper
mielistellä;ingratiate;suomi-scraper
kuiskutella;buzz;suomi-scraper
vapautus;emancipation;suomi-scraper
loputon;endless;suomi-scraper
huoleton;carefree;suomi-scraper
rakennettu;built-up;suomi-scraper
tarve;need;suomi-scraper
rivi;line;suomi-scraper
vihellys;whistle;suomi-scraper
ikivanha;ancient;suomi-scraper
miten;how;suomi-scraper
vaivannäkö;trouble;suomi-scraper
todiste;evidence;suomi-scraper
etelä;south;suomi-scraper
kadonnut;lost;suomi-scraper
koti;home;suomi-scraper
lapsuus;childhood;suomi-scraper
karkeus;grit;suomi-scraper
kulua;pass;suomi-scraper
lunastettu;cashed;suomi-scraper
nuoruus;youth;suomi-scraper
lankeemus;fall;suomi-scraper
kylliksi;enough;suomi-scraper
onneton;infelicitous;suomi-scraper
vaatimus;demand;suomi-scraper
särkynyt;broken;suomi-scraper
murtunut;cracked;suomi-scraper
mieliä;desire;suomi-scraper
tärkeä;important;suomi-scraper
ansio;merit;suomi-scraper
ensi;next;suomi-scraper
pyhyys;holiness;suomi-scraper
langettaa;cast;suomi-scraper
vastakohta;opposite;suomi-scraper
onni;happiness;suomi-scraper
vastakohtaisuus;contrast;suomi-scraper
kokonaisuus;entirety;suomi-scraper
jäätävä;frigid;suomi-scraper
katoava;transient;suomi-scraper
tietoisuus;awareness;suomi-scraper
tiedottomuus;unconsciousness;suomi-scraper
toiminta;activity;suomi-scraper
kohde;object;suomi-scraper
olematon;minuscule;suomi-scraper
päämäärä;goal;suomi-scraper
lintu;bird;suomi-scraper
houkutella;attract;suomi-scraper
oletettava;presumable;suomi-scraper
eeden;Eden;suomi-scraper
puutarha;garden;suomi-scraper
viljellä;cultivate;suomi-scraper
rikkomus;breach;suomi-scraper
viattomuus;innocence;suomi-scraper
kokea;experience;suomi-scraper
välimies;arbitrator;suomi-scraper
orjuuttaa;enslave;suomi-scraper
hyvinvointi;welfare;suomi-scraper
suoda;grant;suomi-scraper
suomu;scale;suomi-scraper
ihastuttava;exquisite;suomi-scraper
aloittaa;start;suomi-scraper
toimi;function;suomi-scraper
jako;division;suomi-scraper
ilmoitettu;advertised;suomi-scraper
päättää;decide;suomi-scraper
valaista;illuminate;suomi-scraper
epäpyhä;unholy;suomi-scraper
tekopyhyys;hypocrisy;suomi-scraper
petollisuus;treachery;suomi-scraper
vakain;flight;suomi-scraper
aie;intention;suomi-scraper
uusi;new;suomi-scraper
luotettava;reliable;suomi-scraper
kestitä;feast;suomi-scraper
kolkuttaa;knock;suomi-scraper
tietämättömyys;ignorance;suomi-scraper
write;write;suomi-scraper
good;good;suomi-scraper
believe;Believe;suomi-scraper
sin;sin;suomi-scraper
hope;Hope;suomi-scraper
enter;Enter;suomi-scraper
walk;Walk;suomi-scraper
teach;Teach;suomi-scraper
bar;bar;suomi-scraper
respect;Respect;suomi-scraper
seal;SEAL;suomi-scraper
kostuttaa;damp;suomi-scraper
päänalunen;bed pillow;suomi-scraper
päätellä;deduce;suomi-scraper
kasvotusten;face to face;suomi-scraper
huutava;flagrant;suomi-scraper
hyvästi;goodbye;suomi-scraper
nuorimmainen;lastborn;suomi-scraper
kätkö;cache;suomi-scraper
levinnyt;pervading;suomi-scraper
kirvoittaa;loosen;suomi-scraper
puhemies;speaker;suomi-scraper
entinen;former;suomi-scraper
kasvattaa;educate;suomi-scraper
poiketa;deviate;suomi-scraper
lakattu;stained;suomi-scraper
perivä;inheriting;suomi-scraper
kulunut;hackneyed;suomi-scraper
nuhde;admonition;suomi-scraper
historiallinen;historical;suomi-scraper
kurja;sleazy;suomi-scraper
kietoutua;intertwine;suomi-scraper
huoata;sigh;suomi-scraper
tuki;support;suomi-scraper
